{
//Main Zones
"BIZ1": 
	{
		"Name": "Bridge Island 1", 
		"File": "BIZ1.ogg", 
		"Type": "Music", 
		"LoopStart": "81865"
	},
"BIZ1_fast": 
	{ 
		"File": "BIZ1_F.ogg",
		"Type": "Music", 
		"LoopStart": "65492", 
		"SoundTestVisibility": "hidden" 
	},
"BIZ-Fruit":
	{ 
		"Name": "Bridge Island Fruit",
		"File": "BIZ-Fruit.ogg",
		"Type": "Music", 
		"LoopStart": "157630",  
	},
"BIZ2":
	{
		"Name": "Bridge Island 2", 
		"File": "BIZ2.ogg", 
		"Type": "Music", 
		"LoopStart": "3100"
	},
"BIZ2_fast": 
	{
		"File": "BIZ2_F.ogg", 
		"Type": "Music", 
		"LoopStart": "2480", 
		"SoundTestVisibility": "hidden" 
	},
"SJZ1": 
	{ 
		"Name": "Speed Jungle 1", 
		"File": "SJZ1.ogg", 
		"Type": "Music", 
		"LoopStart": "3290" 
	},
"SJZ1_fast": 
	{ 
		"File": "SJZ1_F.ogg", 
		"Type": "Music", 
		"LoopStart": "2632", 
		"SoundTestVisibility": "hidden" 
	},
"SJZ2": 
	{ 
		"Name": "Speed Jungle 2", 
		"File": "SJZ2.ogg", 
		"Type": "Music", 
		"LoopStart": "291200" 
	},
"SJZ2_fast": 
	{
		"File": "SJZ2_F", 
		"Type": "Music", 
		"LoopStart": "232960", 
		"SoundTestVisibility": "hidden" 
	},
"SJZ-Sonic": 
	{ 
		"Name": "Speed Jungle Sonic", 
		"File": "SJZ-Sonic.ogg", 
		"Type": "Music", 
		"LoopStart": "2865" 
	},
"SJZ-Sonic_fast": 
	{
		"File": "SJZ-Sonic_F.ogg", 
		"Type": "Music", 
		"LoopStart": "2292", 
		"SoundTestVisibility": "hidden" 
	},
"LCZ1": 
	{ 
		"Name": "Lagoon City 1", 
		"File": "LCZ1.ogg", 
		"Type": "Music", 
		"LoopStart": "181490" 
	},
"LCZ1_fast": 
	{ 
		"File": "LCZ1_F.ogg", 
		"Type": "Music", 
		"LoopStart": "145192", 
		"SoundTestVisibility": "hidden" 
	},
"LCZ2": 
	{ 
		"Name": "Lagoon City 2", 
		"File": "LCZ2.ogg", 
		"Type": "Music", 
		"LoopStart": "218300" 
	},
"LCZ2_fast": 
	{
		"File": "LCZ2_F", 
		"Type": "Music", 
		"LoopStart": "174640", 
		"SoundTestVisibility": "hidden" 
	},
"LCZ-Amy": 
	{ 
		"Name": "Lagoon City Amy", 
		"File": "LCZ-Amy.ogg", 
		"Type": "Music", 
		"LoopStart": "25635" 
	},
"LCZ-Amy_fast": 
	{
		"File": "LCZ-Amy_F", 
		"Type": "Music", 
		"LoopStart": "20508", 
		"SoundTestVisibility": "hidden" 
	},
"GCZ1": 
	{ 
		"Name": "Golden Capital 1", 
		"File": "GCZ1.ogg", 
		"Type": "Music", 
		"LoopStart": "420990" 
	},
"GCZ1_fast": 
	{ 
		"File": "GCZ1_F.ogg", 
		"Type": "Music", 
		"LoopStart": "336792", 
		"SoundTestVisibility": "hidden" 
	},
"GCZ2": 
	{ 
		"Name": "Golden Capital 2", 
		"File": "GCZ2.ogg", 
		"Type": "Music", 
		"LoopStart": "45865" 
	},
"GCZ2_fast": 
	{
		"File": "GCZ2_F.ogg", 
		"Type": "Music", 
		"LoopStart": "36692", 
		"SoundTestVisibility": "hidden" 
	},
"GCZ-Knuckles": 
	{ 
		"Name": "Golden Capital Knuckles", 
		"File": "GCZ-Knuckles.ogg", 
		"Type": "Music", 
		"LoopStart": "2895" 
	},
"GCZ-Knuckles_fast": 
	{
		"File": "GCZ-Knuckles_F.ogg", 
		"Type": "Music", 
		"LoopStart": "2316", 
		"SoundTestVisibility": "hidden" 
	},
"PCZ1": 
	{ 
		"Name": "Pinball Carnival 1", 
		"File": "PCZ1.ogg", 
		"Type": "Music", 
		"LoopStart": "289015" 
	},
"PCZ1_fast": 
	{ 
		"File": "PCZ1_F.ogg", 
		"Type": "Music", 
		"LoopStart": "231212", 
		"SoundTestVisibility": "hidden" 
	},
"PCZ2": 
	{ 
		"Name": "Pinball Carnival 2", 
		"File": "PCZ2.ogg", 
		"Type": "Music", 
		"LoopStart": "133490" 
	},
"PCZ2_fast": 
	{
		"File": "PCZ2_F.ogg", 
		"Type": "Music", 
		"LoopStart": "106792", 
		"SoundTestVisibility": "hidden" 
	},
"PCZ-Fruit": 
	{ 
		"Name": "Pinball Carnival Fruit", 
		"File": "PCZ-Fruit.ogg", 
		"Type": "Music", 
		"LoopStart": "162783" 
	},
"PCZ-Fruit_fast": 
	{
		"File": "PCZ-Fruit_F.ogg", 
		"Type": "Music", 
		"LoopStart": "130266", 
		"SoundTestVisibility": "hidden" 
	},
"FrozenBZ1": 
	{ 
		"Name": "Frozen Base 1", 
		"File": "FBZ1.ogg", 
		"Type": "Music", 
		"LoopStart": "3580" 
	},
"FrozenBZ1_fast": 
	{ 
		"File": "FBZ1_F.ogg", 
		"Type": "Music", 
		"LoopStart": "2864", 
		"SoundTestVisibility": "hidden" 
	},
"FrozenBZ2": 
	{ 
		"Name": "Frozen Base 2", 
		"File": "FBZ2.ogg", 
		"Type": "Music", 
		"LoopStart": "1193160" 
	},
"FrozenBZ2_fast": 
	{ 
		"File": "FBZ2_F.ogg", 
		"Type": "Music", 
		"LoopStart": "954528", 
		"SoundTestVisibility": "hidden" 
	},
"FrozenBZ-Tails": 
	{ 
		"Name": "Frozen Base Tails", 
		"File": "FBZ-Tails.ogg", 
		"Type": "Music", 
		"LoopStart": "46190" 
	},
"FrozenBZ-Tails_fast": 
	{
		"File": "FBZ-Tails_F.ogg", 
		"Type": "Music", 
		"LoopStart": "37528", 
		"SoundTestVisibility": "hidden" 
	},
"PFZ1": 
	{ 
		"Name": "Press Factory 1", 
		"File": "PFZ1.ogg", 
		"Type": "Music", 
		"LoopStart": "66210" 
	},
"PFZ1_fast": 
	{ 
		"File": "PFZ1_F.ogg", 
		"Type": "Music", 
		"LoopStart": "52970", 
		"SoundTestVisibility": "hidden" 
	},
"PFZ-Fruit":
	{ 
		"File": "PFZ-Fruit.ogg", 
		"Type": "Music", 
		"LoopStart": "79200", 
		"Name": "Press Factory Fruit",
	},
"PFZ2": 
	{ 
		"Name": "Press Factory 2", 
		"File": "PFZ2.ogg", 
		"Type": "Music", 
		"LoopStart": "79070" 
	},
"PFZ2_fast": 
	{
		"File": "PFZ2_F.ogg", 
		"Type": "Music", 
		"LoopStart": "63256", 
		"SoundTestVisibility": "hidden" 
	},
"SandSZ": 
	{ 
		"Name": "Sand Sanctuary", 
		"File": "SSZ.ogg", 
		"Type": "Music", 
		"LoopStart": "3180" 
	},
"SandSZ_fast": 
	{
		"File": "SSZ_F.ogg", 
		"Type": "Music", 
		"LoopStart": "2544", 
		"SoundTestVisibility": "hidden" 
	},
"STZ": 
	{ 
		"Name": "Sky Temple", 
		"File": "STZ.ogg", 
		"Type": "Music", 
		"LoopStart": "698360" 
	},
"STZ_fast": 
	{
		"File": "STZ_F.ogg", 
		"Type": "Music", 
		"LoopStart": "558688", 
		"SoundTestVisibility": "hidden" 
	},
"EFZ1": 
	{ 
		"Name": "Egg Fortress 1", 
		"File": "EFZ1.ogg", 
		"Type": "Music", 
		"LoopStart": "748960" 
	},
"EFZ1_fast": 
	{ 
		"File": "EFZ1_F.ogg", 
		"Type": "Music", 
		"LoopStart": "599168", 
		"SoundTestVisibility": "hidden" 
	},
"EFZ2": 
	{ 
		"Name": "Egg Fortress 2", 
		"File": "EFZ2.ogg", 
		"Type": "Music", 
		"LoopStart": "40120" 
	},
"EFZ2_fast": 
	{
		"File": "EFZ2_F.ogg", 
		"Type": "Music", 
		"LoopStart": "32096", 
		"SoundTestVisibility": "hidden" 
	},
//Bosses
"miniboss_superstars": 
	{ 
		"Name": "Mini Boss", 
		"File": "MiniBoss.ogg", 
		"Type": "Music", 
		"LoopStart": "59355" 
	},
"fang_superstars": 
	{ 
		"Name": "Fang the Hunter", 
		"File": "Fang.ogg", 
		"Type": "Music", 
		"LoopStart": "292440" 
	},
"mainboss_early_superstars":
	{ 
		"Name": "Early Boss", 
		"File": "EarlyBoss.ogg", 
		"Type": "Music", 
		"LoopStart": "171300" 
	},
"mainboss_late_superstars": 
	{ 
		"Name": "Late Boss", 
		"File": "LateBoss.ogg", 
		"Type": "Music", 
		"LoopStart": "62525" 
	},
"boss4":
	{ 
		"Name": "Fang and Trip Argument", 
		"File": "Boss4.ogg", 
		"Type": "Music", 
		"LoopStart": "93560" 
	},
"boss6": 
	{ 
		"Name": "Cyber Station Boss", 
		"File": "Boss6.ogg", 
		"Type": "Music", 
		"LoopStart": "1715135" 
	},
"boss7": 
	{ 
		"Name": "Frozen Base Boss", 
		"File": "Boss7.ogg", 
		"Type": "Music", 
		"LoopStart": "3454976" 
	},
"finalboss_superstars": 
	{ 
		"Name": "Final Boss", 
		"File": "FinalBoss.ogg", 
		"Type": "Music", 
		"LoopStart": "1748380" 
	},
"fangmk2": 
	{ 
		"Name": "Fang MK 2", 
		"File": "FangMK2.ogg", 
		"Type": "Music", 
		"LoopStart": "327775" 
	},
"truefinalboss_superstars": 
	{ 
		"Name": "True Final Boss", 
		"File": "TrueFinalBoss.ogg", 
		"Type": "Music", 
	},
//Miscellaneous,
"25_superstars": 
	{ 
		"File": "25_superstars.ogg", 
		"Type": "Jingle" 
	},
"2F": 
	{ 
		"Name": "Main Menu", 
		"File": "MainMenu.ogg", 
		"Type": "Music", 
		"LoopStart": "28000" 
	},
"WorldMap": 
	{ 
		"Name": "World Map", 
		"File": "WorldMap.ogg", 
		"Type": "Music" 
	},
"2C_superstars": 
	{ 
		"Name": "Invincibility (Superstars)", 
		"File": "2C_superstars.ogg", 
		"Type": "Music", 
		"LoopStart": "32270" 
	},
"special_superstars": 
	{
		"Name": "Special Stage",
		"File": "Special.ogg", 
		"Type": "Music", 
		"LoopStart": "327085", 
	},
"stupids1esquespecialstagesihatethem":
	{
		"Name": "Bonus Stage",
		"File": "Bonus.ogg", 
		"Type": "Music",  
	},
"supertheme_superstars": 
	{
		"Name": "Super Sonic ",
		"File": "Super.ogg", 
		"Type": "Music", 
		"LoopStart": "32895", 
	},
"idfkwhattocallthislmao":
	{
		"Name": "[Alternate] Glowing Spheres",
		"File": "glowingalt.ogg", 
		"Type": "Music", 
		"LoopStart": "307080", 
	},
}