{
	"Metadata":
	{
		"Name": "BetaNC's Superstars OST",
		"Author": "BetaNCourses",
		"Description": "BUY SONIC SUPERSTARS NOW!!!!!!!!!!",
		"ModVersion": "1.0",
		"UniqueID": "BetaNCSuperstarOST"
	},	
	"Settings":
	{
		"MUSICOPTIONS":
		[
			{
				"InternalName": "AIZReplaced",
				"DisplayName": "Angel Island's Theme",
				"Category": "Music Options",
				"Variable": "BSSOST.AIZReplaced",
				"DefaultValue": "0x01",
				"Options":
				{
					"0x00": "Unmodded",
					"0x01": "Bridge Island",
					"0x02": "Speed Jungle (w/ Act 2)",
					"0x03": "Speed Jungle (w/ Act Sonic)",
					"0x04": "SJZ (Character Dependent)",
				}
			},
			{
				"InternalName": "HCZReplaced",
				"DisplayName": "Lagoon City over HCZ",
				"Category": "Music Options",
				"Variable": "BSSOST.HCZReplaced",
				"DefaultValue": "0x01",
				"Options":
				{
					"0x00": "Unmodded",
					"0x01": "Enabled (w/ Act 2)",
					"0x02": "Enabled (w/ Act Amy)",
					"0x03": "Character Dependent",
				}
			},
			{
				"InternalName": "MGZReplaced",
				"DisplayName": "Golden Capital over MGZ",
				"Category": "Music Options",
				"Variable": "BSSOST.MGZReplaced",
				"DefaultValue": "0x01",
				"Options":
				{
					"0x00": "Unmodded",
					"0x01": "Enabled (w/ Act 2)",
					"0x02": "Enabled (w/ Act Knuckles)",
					"0x03": "Character Dependent",
				}
			},
			{
				"InternalName": "CNZReplaced",
				"DisplayName": "Pinball Carnival over CNZ",
				"Category": "Music Options",
				"Variable": "BSSOST.CNZReplaced",
				"DefaultValue": "0x01",
				"Options":
				{
					"0x00": "Unmodded",
					"0x01": "Enabled (w/ Act 2)",
					"0x02": "Enabled (w/ Act Fruit)",
				}
			},
			{
				"InternalName": "ICZReplaced",
				"DisplayName": "Frozen Base over ICZ",
				"Category": "Music Options",
				"Variable": "BSSOST.ICZReplaced",
				"DefaultValue": "0x02",
				"Options":
				{
					"0x00": "Unmodded",
					"0x01": "Enabled (w/ Act 2)",
					"0x02": "Enabled (w/ Act Tails)",
					"0x03": "Character Dependent",
				}
			},
			{
				"InternalName": "FBZReplaced",
				"DisplayName": "Press Factory over FBZ",
				"Category": "Music Options",
				"Variable": "BSSOST.FBZReplaced",
				"DefaultValue": "0x01",
				"Options":
				{
					"0x00": "Unmodded",
					"0x01": "Enabled",
				}
			},
			{
				"InternalName": "MHZReplaced",
				"DisplayName": "Mushroom Hill's Theme",
				"Category": "Music Options",
				"Variable": "BSSOST.MHZReplaced",
				"DefaultValue": "0x04",
				"Options":
				{
					"0x00": "Unmodded",
					"0x01": "Bridge Island",
					"0x02": "Speed Jungle (w/ Act 2)",
					"0x03": "Speed Jungle (w/ Act Sonic)",
					"0x04": "SJZ (Character Dependent)",
				}
			},
			{
				"InternalName": "SOZReplaced",
				"DisplayName": "Sand Sanctuary over SOZ",
				"Category": "Music Options",
				"Variable": "BSSOST.SOZReplaced",
				"DefaultValue": "0x01",
				"Options":
				{
					"0x00": "Unmodded",
					"0x01": "Over Act 1",
					"0x02": "Over Act 2",
				}
			},
			{
				"InternalName": "SSZReplaced",
				"DisplayName": "Sky Temple over SSZ",
				"Category": "Music Options",
				"Variable": "BSSOST.SSZReplaced",
				"DefaultValue": "0x01",
				"Options":
				{
					"0x00": "Unmodded",
					"0x01": "Enabled",
				}
			},
			{
				"InternalName": "DEZReplaced",
				"DisplayName": "Egg Fortress over DEZ",
				"Category": "Music Options",
				"Variable": "BSSOST.DEZReplaced",
				"DefaultValue": "0x01",
				"Options":
				{
					"0x00": "Unmodded",
					"0x01": "Enabled",
				}
			},
			{
				"InternalName": "KnucklesReplaced",
				"DisplayName": "Knuckles' Theme Replacements",
				"Category": "Boss Theme Options",
				"Variable": "BSSOST.KnucklesReplaced",
				"DefaultValue": "0x01",
				"Options":
				{
					"0x00": "Unmodded",
					"0x01": "Fang the Hunter's Theme",
					"0x02": "Fang and Trip Argument",
				}
			},
			{
				"InternalName": "MiniBossReplaced",
				"DisplayName": "Mini Boss Theme",
				"Category": "Boss Theme Options",
				"Variable": "BSSOST.MiniBossReplaced",
				"DefaultValue": "0x01",
				"Options":
				{
					"0x00": "Unmodded",
					"0x01": "Original",
					"0x02": "Extra - Fang's Theme",
				}
			},
			{
				"InternalName": "MainBossReplaced",
				"DisplayName": "Main Boss Theme",
				"Category": "Boss Theme Options",
				"Variable": "BSSOST.MainBossReplaced",
				"DefaultValue": "0x03",
				"Options":
				{
					"0x00": "Unmodded",
					"0x01": "Early",
					"0x02": "Late",
					"0x03": "Determine by Half",
					"0x04": "Extra - Fang and Trip Argument",
					"0x05": "Extra - Cyber Station Boss",
					"0x06": "Extra - Frozen Base Boss",
				}
			},
			{
				"InternalName": "FinalBossReplaced",
				"DisplayName": "Superstars Final Boss Theme",
				"Category": "Boss Theme Options",
				"Variable": "BSSOST.FinalBossReplaced",
				"DefaultValue": "0x03",
				"Options":
				{
					"0x00": "Unmodded",
					"0x01": "Final Boss",
					"0x02": "Fang MK 2",
					"0x04": "(S3) Fang MK 2/(SK) Final Boss",
					"0x03": "(S3) Final Boss/(SK) Fang MK 2",
					
				}
			},
			{
				"InternalName": "TrueFinalBossReplaced",
				"DisplayName": "True Final Boss over DDZ",
				"Category": "Boss Theme Options",
				"Variable": "BSSOST.TrueFinalBossReplaced",
				"DefaultValue": "0x01",
				"Options":
				{
					"0x00": "Unmodded",
					"0x01": "Enabled",
					
				}
			},
			{
				"InternalName": "GlowingReplaced",
				"DisplayName": "Glowing Sphere's Theme",
				"Category": "Miscellaneous",
				"Variable": "BSSOST.GlowingReplaced",
				"DefaultValue": "0x02",
				"Options":
				{
					"0x00": "Unmodded",
					"0x01": "Special Stage (Superstars)",
					"0x02": "Press Factory Act Fruit",
					"0x03": "Extra - S&K Alternate",
				}
			},
			{
				"InternalName": "SlotReplaced",
				"DisplayName": "Slot Machine's Theme",
				"Category": "Miscellaneous",
				"Variable": "BSSOST.SlotReplaced",
				"DefaultValue": "0x01",
				"Options":
				{
					"0x00": "Unmodded",
					"0x01": "Bonus Stage (Superstars)",
				}
			},
			{
				"InternalName": "DataReplaced",
				"DisplayName": "World Map over Data Select",
				"Category": "Miscellaneous",
				"Variable": "BSSOST.DataReplaced",
				"DefaultValue": "0x01",
				"Options":
				{
					"0x00": "Unmodded",
					"0x01": "Enabled",
				}
			},
			{
				"InternalName": "ForceTitle",
				"DisplayName": "Force Title Theme",
				"Category": "Miscellaneous",
				"Variable": "BSSOST.ForceTitle",
				"DefaultValue": "0x01",
				"Options":
				{
					"0x00": "Unmodded",
					"0x01": "Enabled",
				}
			},
			{
				"InternalName": "ForceInvincibility",
				"DisplayName": "Force Invincibility Theme",
				"Category": "Miscellaneous",
				"Variable": "BSSOST.ForceInvincibility",
				"DefaultValue": "0x01",
				"Options":
				{
					"0x00": "Unmodded",
					"0x01": "Enabled",
				}
			},
			{
				"InternalName": "ForceSuper",
				"DisplayName": "Force Super Theme",
				"Category": "Miscellaneous",
				"Variable": "BSSOST.ForceSuper",
				"DefaultValue": "0x01",
				"Options":
				{
					"0x00": "Unmodded",
					"0x01": "Enabled",
				}
			}
		]
	}
}
